INSERT INTO teams(color, name) VALUES ("red", "red"), ("blue", "blue"), ("yellow", "yellow"), ("green", "green");
INSERT INTO bounds_vertex_lists(id, bounds_type) VALUES (1,1);
INSERT INTO locations(name, bounds_list_id) VALUES ('Vintage Computer Demo', 1);
INSERT INTO bounds_vertices(x, y, list_id) VALUES (600, 740, 1), (799, 874, 1);
INSERT INTO bounds_vertex_lists(id, bounds_type) VALUES (2,1);
INSERT INTO locations(name, bounds_list_id) VALUES ('untitled 1', 2);
INSERT INTO bounds_vertices(x, y, list_id) VALUES (450, 76, 2), (513, 132, 2);
INSERT INTO bounds_vertex_lists(id, bounds_type) VALUES (3,2);
INSERT INTO locations(name, bounds_list_id) VALUES ('Walkway South', 3);
INSERT INTO bounds_vertices(x, y, list_id) VALUES (350, 400, 3), (445, 400, 3), (445, 645, 3), (645, 645, 3), (645, 333, 3), (700, 333, 3), (700, 715, 3), (290, 715, 3), (290, 655, 3), (350, 655, 3);
INSERT INTO bounds_vertex_lists(id, bounds_type) VALUES (4,1);
INSERT INTO locations(name, bounds_list_id) VALUES ('Hammock Zone', 4);
INSERT INTO bounds_vertices(x, y, list_id) VALUES (0, 0, 4), (354, 76, 4);
INSERT INTO bounds_vertex_lists(id, bounds_type) VALUES (5,1);
INSERT INTO locations(name, bounds_list_id) VALUES ('CTF', 5);
INSERT INTO bounds_vertices(x, y, list_id) VALUES (592, 993, 5), (972, 1105, 5);
INSERT INTO bounds_vertex_lists(id, bounds_type) VALUES (6,1);
INSERT INTO locations(name, bounds_list_id) VALUES ('Ethernet Tables', 6);
INSERT INTO bounds_vertices(x, y, list_id) VALUES (0, 658, 6), (175, 738, 6);
INSERT INTO bounds_vertex_lists(id, bounds_type) VALUES (7,1);
INSERT INTO locations(name, bounds_list_id) VALUES ('AMD Work Area', 7);
INSERT INTO bounds_vertices(x, y, list_id) VALUES (0, 600, 7), (176, 660, 7);
INSERT INTO bounds_vertex_lists(id, bounds_type) VALUES (8,1);
INSERT INTO locations(name, bounds_list_id) VALUES ('Radio Statler', 8);
INSERT INTO bounds_vertices(x, y, list_id) VALUES (363, 816, 8), (457, 904, 8);
INSERT INTO bounds_vertex_lists(id, bounds_type) VALUES (9,1);
INSERT INTO locations(name, bounds_list_id) VALUES ('General Demo Area', 9);
INSERT INTO bounds_vertices(x, y, list_id) VALUES (702, 727, 9), (965, 851, 9);
INSERT INTO bounds_vertex_lists(id, bounds_type) VALUES (10,1);
INSERT INTO locations(name, bounds_list_id) VALUES ('Video Temple and Simulcast', 10);
INSERT INTO bounds_vertices(x, y, list_id) VALUES (704, 865, 10), (980, 1000, 10);
INSERT INTO bounds_vertex_lists(id, bounds_type) VALUES (11,1);
INSERT INTO locations(name, bounds_list_id) VALUES ('Volunteer Lounge', 11);
INSERT INTO bounds_vertices(x, y, list_id) VALUES (453, 746, 11), (592, 819, 11);
INSERT INTO bounds_vertex_lists(id, bounds_type) VALUES (12,1);
INSERT INTO locations(name, bounds_list_id) VALUES ('Core Staff Area', 12);
INSERT INTO bounds_vertices(x, y, list_id) VALUES (88, 462, 12), (268, 594, 12);
INSERT INTO bounds_vertex_lists(id, bounds_type) VALUES (13,1);
INSERT INTO locations(name, bounds_list_id) VALUES ('Interview Area', 13);
INSERT INTO bounds_vertices(x, y, list_id) VALUES (0, 234, 13), (82, 324, 13);
INSERT INTO bounds_vertex_lists(id, bounds_type) VALUES (14,1);
INSERT INTO locations(name, bounds_list_id) VALUES ('Info Desk', 14);
INSERT INTO bounds_vertices(x, y, list_id) VALUES (368, 732, 14), (460, 814, 14);
INSERT INTO bounds_vertex_lists(id, bounds_type) VALUES (15,2);
INSERT INTO locations(name, bounds_list_id) VALUES ('Segway Track', 15);
INSERT INTO bounds_vertices(x, y, list_id) VALUES (0, 830, 15), (80, 830, 15), (80, 995, 15), (585, 995, 15), (585, 1070, 15), (0, 1070, 15);
INSERT INTO bounds_vertex_lists(id, bounds_type) VALUES (16,1);
INSERT INTO locations(name, bounds_list_id) VALUES ('Project Telephreak', 16);
INSERT INTO bounds_vertices(x, y, list_id) VALUES (175, 658, 16), (285, 738, 16);
INSERT INTO bounds_vertex_lists(id, bounds_type) VALUES (17,1);
INSERT INTO locations(name, bounds_list_id) VALUES ('Village Ops Center', 17);
INSERT INTO bounds_vertices(x, y, list_id) VALUES (973, 332, 17), (1061, 658, 17);
INSERT INTO bounds_vertex_lists(id, bounds_type) VALUES (18,1);
INSERT INTO locations(name, bounds_list_id) VALUES ('General Store', 18);
INSERT INTO bounds_vertices(x, y, list_id) VALUES (700, 328, 18), (975, 423, 18);
INSERT INTO bounds_vertex_lists(id, bounds_type) VALUES (19,1);
INSERT INTO locations(name, bounds_list_id) VALUES ('NOC NOC', 19);
INSERT INTO bounds_vertices(x, y, list_id) VALUES (273, 513, 19), (288, 537, 19);
INSERT INTO bounds_vertex_lists(id, bounds_type) VALUES (20,1);
INSERT INTO locations(name, bounds_list_id) VALUES ('Hackerspace and Hardware Hacking Village', 20);
INSERT INTO bounds_vertices(x, y, list_id) VALUES (700, 430, 20), (970, 650, 20);
INSERT INTO bounds_vertex_lists(id, bounds_type) VALUES (21,1);
INSERT INTO locations(name, bounds_list_id) VALUES ('Security Center', 21);
INSERT INTO bounds_vertices(x, y, list_id) VALUES (273, 513, 21), (371, 653, 21);
INSERT INTO bounds_vertex_lists(id, bounds_type) VALUES (22,1);
INSERT INTO locations(name, bounds_list_id) VALUES ('Low Power Zone', 22);
INSERT INTO bounds_vertices(x, y, list_id) VALUES (0, 76, 22), (354, 161, 22);
INSERT INTO bounds_vertex_lists(id, bounds_type) VALUES (23,1);
INSERT INTO locations(name, bounds_list_id) VALUES ('Stairs to Lobby', 23);
INSERT INTO bounds_vertices(x, y, list_id) VALUES (82, 250, 23), (348, 389, 23);
INSERT INTO bounds_vertex_lists(id, bounds_type) VALUES (24,1);
INSERT INTO locations(name, bounds_list_id) VALUES ('Keynote Bullpen', 24);
INSERT INTO bounds_vertices(x, y, list_id) VALUES (0, 326, 24), (82, 473, 24);
INSERT INTO bounds_vertex_lists(id, bounds_type) VALUES (25,1);
INSERT INTO locations(name, bounds_list_id) VALUES ('Vendor Tables', 25);
INSERT INTO bounds_vertices(x, y, list_id) VALUES (440, 330, 25), (640, 646, 25);
INSERT INTO bounds_vertex_lists(id, bounds_type) VALUES (26,1);
INSERT INTO locations(name, bounds_list_id) VALUES ('Radio/News Work Area', 26);
INSERT INTO bounds_vertices(x, y, list_id) VALUES (460, 816, 26), (592, 940, 26);
INSERT INTO bounds_vertex_lists(id, bounds_type) VALUES (27,1);
INSERT INTO locations(name, bounds_list_id) VALUES ('NOC', 27);
INSERT INTO bounds_vertices(x, y, list_id) VALUES (84, 414, 27), (272, 466, 27);
INSERT INTO bounds_vertex_lists(id, bounds_type) VALUES (28,1);
INSERT INTO locations(name, bounds_list_id) VALUES ('AV Stream Work Area', 28);
INSERT INTO bounds_vertices(x, y, list_id) VALUES (180, 590, 28), (270, 660, 28);
INSERT INTO bounds_vertex_lists(id, bounds_type) VALUES (29,1);
INSERT INTO locations(name, bounds_list_id) VALUES ('Lock Picking Zone', 29);
INSERT INTO bounds_vertices(x, y, list_id) VALUES (600, 864, 29), (700, 988, 29);
INSERT INTO bounds_vertex_lists(id, bounds_type) VALUES (30,1);
INSERT INTO locations(name, bounds_list_id) VALUES ('Art Space 2', 30);
INSERT INTO bounds_vertices(x, y, list_id) VALUES (0, 162, 30), (152, 252, 30);
INSERT INTO bounds_vertex_lists(id, bounds_type) VALUES (31,2);
INSERT INTO locations(name, bounds_list_id) VALUES ('Art Space 1', 31);
INSERT INTO bounds_vertices(x, y, list_id) VALUES (0, 736, 31), (352, 736, 31), (352, 990, 31), (85, 990, 31), (85, 825, 31), (0, 825, 31);
INSERT INTO bounds_vertex_lists(id, bounds_type) VALUES (32,2);
INSERT INTO locations(name, bounds_list_id) VALUES ('Walkway North', 32);
INSERT INTO bounds_vertices(x, y, list_id) VALUES (350, 0, 32), (510, 0, 32), (510, 66, 32), (445, 66, 32), (445, 400, 32), (350, 400, 32);
